-- Inserting Player Details into PLAYERS table
INSERT INTO PLAYERS VALUES ("Harry", NULL, "Lewis", "Southampton", 41, "1997-12-20", 2000000, 4);
INSERT INTO PLAYERS VALUES ("Yan", NULL, "Valery", "Southampton", 23, "1999-02-22", 4000000, 1);
INSERT INTO PLAYERS VALUES ("Danny", NULL, "Ings", "Southampton", 9, "1992-07-23", 3000000, 3);
INSERT INTO PLAYERS VALUES ("Joe", NULL, "Hart", "Tottenham", 12, "1987-04-19", 2000000, 1);
INSERT INTO PLAYERS VALUES ("Harry", NULL, "Kane", "Tottenham", 10, "1993-07-28", 8000000, 2);
INSERT INTO PLAYERS VALUES ("Dele", NULL, "Ali", "Tottenham", 20, "1996-04-11", 7000000, 2);
INSERT INTO PLAYERS VALUES ("Lukasz", NULL, "Fabianski", "West ham", 1, "1985-04-18", 3000000, 3);
INSERT INTO PLAYERS VALUES ("Aaron", NULL, "Cresswell", "West ham", 3, "1989-12-15", 4000000, 2);
INSERT INTO PLAYERS VALUES ("Michail", NULL, "Antonio", "West ham", 30, "1990-03-28", 2000000, 4);
INSERT INTO PLAYERS VALUES ("Mark", NULL, "Gillespie", "Newcastle", 29, "1992-03-27", 3000000, 1);
INSERT INTO PLAYERS VALUES ("Jacob", NULL, "Murphy", "Newcastle", 23, "1995-02-24", 4000000, 3);
INSERT INTO PLAYERS VALUES ("Andy", NULL, "Carroll", "Newcastle", 7, "1989-01-06", 6000000, 2);
INSERT INTO PLAYERS VALUES ("David", NULL, "de Gea", "Manchester United", 1, "1990-11-07", 5000000, 3);
INSERT INTO PLAYERS VALUES ("Phil", NULL, "Jones", "Manchester United", 4, "1992-02-21", 1000000, 2);
INSERT INTO PLAYERS VALUES ("Juan", NULL, "Mata", "Manchester United", 8, "1988-04-28", 4000000, 2);
INSERT INTO PLAYERS VALUES ("Ederson", NULL, NULL, "Manchester City", 31, "1993-08-17", 5000000, 3);
INSERT INTO PLAYERS VALUES ("Kevin", NULL, "De Bruyne", "Manchester City", 17, "1991-06-28", 8000000, 2);
INSERT INTO PLAYERS VALUES ("Sergio", NULL, "Aguero", "Manchester City", 10, "1988-06-02", 5000000, 2);
INSERT INTO PLAYERS VALUES ("Allison", NULL, NULL, "Liverpool", 1, "1992-10-02", 5000000, 3);
INSERT INTO PLAYERS VALUES ("Virgil", "Van", "Dijk", "Liverpool", 4, "1991-07-08", 9000000, 4);
INSERT INTO PLAYERS VALUES ("Mohamed", NULL, "Salah", "Liverpool", 11, "1992-06-15", 8000000, 3);
INSERT INTO PLAYERS VALUES ('Bernd',NULL,'Leno','Arsenal',1,'1992-03-04',10000000,3);
INSERT INTO PLAYERS VALUES ('Alexandre',NULL,'Lacazette','Arsenal',9,'1991-05-28',24000000,2);
INSERT INTO PLAYERS VALUES ('Pierre','Emerick','Aubameyang','Arsenal',14,'1989-06-18',50000000,4);
INSERT INTO PLAYERS VALUES ('Tom',NULL,'Heaton','Aston Villa',1,'1986-04-15',5000000,2);
INSERT INTO PLAYERS VALUES ('Marvelous',NULL,'Nakamba','Aston Villa',19,'1994-01-14',3000000,2);
INSERT INTO PLAYERS VALUES ('Wesley',NULL,NULL,'Aston Villa',9,'1996-11-26',5000000,3);
INSERT INTO PLAYERS VALUES ('Mat',NULL,'Ryan','Brighton',1,'1992-04-08',7000000,3);
INSERT INTO PLAYERS VALUES ('Adam',NULL,'Lallana','Brighton',14,'1988-05-10',10000000,2);
INSERT INTO PLAYERS VALUES ('Neal',NULL,'Maupay','Brighton',9,'1996-08-14',10000000,3);
INSERT INTO PLAYERS VALUES ('Kepa',NULL,'Arrizabalaga','Chelsea',1,'1994-10-03',1000000,1);
INSERT INTO PLAYERS VALUES ('Chrisitian',NULL,'Pulisic','Chelsea',10,'1998-09-18',50000000,5);
INSERT INTO PLAYERS VALUES ('Timo',NULL,'Werner','Chelsea',11,'1996-03-06',50000000,4);
INSERT INTO PLAYERS VALUES ('Vincente',NULL,'Guaita','Crystal Palace',31,'1987-01-10',10000000,2);
INSERT INTO PLAYERS VALUES ('Andros',NULL,'Townsend','Crystal Palace',10,'1991-07-16',20000000,3);
INSERT INTO PLAYERS VALUES ('Wilfried',NULL,'Zaha','Crystal Palace',11,'1992-11-10',25000000,3);
INSERT INTO PLAYERS VALUES ('Jordan',NULL,'Pickford','Everton',1,'1994-03-07',20000000,4);
INSERT INTO PLAYERS VALUES ('James',NULL,'Rodriguez','Everton',19,'1991-07-12',30000000,1);
INSERT INTO PLAYERS VALUES ('Richarlison',NULL,NULL,'Everton',7,'1997-05-10',30000000,3);
INSERT INTO PLAYERS VALUES ('Kiko',NULL,'Casilla','Leeds United',13,'1986-10-02',5000000,2);
INSERT INTO PLAYERS VALUES ('Rodrigo',NULL,'Moreno','Leeds United',20,'1991-03-06',10000000,3);
INSERT INTO PLAYERS VALUES ('Patrick',NULL,'Bamford','Leeds United',9,'1993-09-05',15000000,3);
INSERT INTO PLAYERS VALUES ('Kasper',NULL,'Schemeichel','Leicester City',1,'1986-11-05',15000000,2);
INSERT INTO PLAYERS VALUES ('James',NULL,'Maddison','Leicester City',10,'1996-11-23',25000000,3);
INSERT INTO PLAYERS VALUES ('Jamie',NULL,'Vardy','Leicester City',9,'1987-01-11',20000000,2);


-- Inserting Outfield Player Stats into PLAYERS_OUTFIELD table
INSERT INTO PLAYERS_OUTFIELD VALUES ("Southampton", 9, 0, 0, 0);
INSERT INTO PLAYERS_OUTFIELD VALUES ("Southampton", 23, 3, 0, 0);
INSERT INTO PLAYERS_OUTFIELD VALUES ("Tottenham", 10, 1, 1, 5);
INSERT INTO PLAYERS_OUTFIELD VALUES ("Tottenham", 20, 0, 1, 0);
INSERT INTO PLAYERS_OUTFIELD VALUES ("West ham", 3, 0, 4, 0);
INSERT INTO PLAYERS_OUTFIELD VALUES ("West ham", 30, 1, 0, 0);
INSERT INTO PLAYERS_OUTFIELD VALUES ("Newcastle", 29, 0, 2, 0);
INSERT INTO PLAYERS_OUTFIELD VALUES ("Newcastle", 7, 0, 1, 0);
INSERT INTO PLAYERS_OUTFIELD VALUES ("Manchester United", 4, 0, 0, 0);
INSERT INTO PLAYERS_OUTFIELD VALUES ("Manchester United", 8, 0, 0, 0);
INSERT INTO PLAYERS_OUTFIELD VALUES ("Manchester City", 17, 1, 6, 1);
INSERT INTO PLAYERS_OUTFIELD VALUES ("Manchester City", 10, 0, 0, 0);
INSERT INTO PLAYERS_OUTFIELD VALUES ("Liverpool", 4, 1, 6, 0);
INSERT INTO PLAYERS_OUTFIELD VALUES ("Liverpool", 11, 3, 3, 0);
INSERT INTO PLAYERS_OUTFIELD VALUES ('Leicester City', 9, 5, 2, 0);
INSERT INTO PLAYERS_OUTFIELD VALUES ('Leicester City', 10, 1, 0, 0);
INSERT INTO PLAYERS_OUTFIELD VALUES ('Leeds United', 9, 3, 0, 1);
INSERT INTO PLAYERS_OUTFIELD VALUES ('Leeds United', 20, 1, 15, 1);
INSERT INTO PLAYERS_OUTFIELD VALUES ('Everton',7,1,11,2);
INSERT INTO PLAYERS_OUTFIELD VALUES ('Everton',19,1,3,1);
INSERT INTO PLAYERS_OUTFIELD VALUES ('Crystal Palace',11,3,1,0);
INSERT INTO PLAYERS_OUTFIELD VALUES ('Crystal Palace', 10, 1, 9, 2);
INSERT INTO PLAYERS_OUTFIELD VALUES ('Chelsea',11,0,2,0);
INSERT INTO PLAYERS_OUTFIELD VALUES ('Chelsea',10,0,0,0);
INSERT INTO PLAYERS_OUTFIELD VALUES ('Brighton',9,3,1,1);
INSERT INTO PLAYERS_OUTFIELD VALUES ('Brighton', 14, 0, 0, 0);
INSERT INTO PLAYERS_OUTFIELD VALUES ('Aston Villa', 9, 0, 0, 0);
INSERT INTO PLAYERS_OUTFIELD VALUES ('Aston Villa',19,0,1,0);
INSERT INTO PLAYERS_OUTFIELD VALUES ('Arsenal',14,1,2,1);
INSERT INTO PLAYERS_OUTFIELD VALUES ('Arsenal', 9, 3, 2, 0);


-- Inserting Goalkeeper Stats into PLAYERS_GOALKEEPER table
INSERT INTO PLAYERS_GOALKEEPER VALUES ("Southampton", 41, 0, 0);
INSERT INTO PLAYERS_GOALKEEPER VALUES ("Tottenham", 12, 0, 0);
INSERT INTO PLAYERS_GOALKEEPER VALUES ("West ham", 1, 4, 1);
INSERT INTO PLAYERS_GOALKEEPER VALUES ("Newcastle", 29, 0, 0);
INSERT INTO PLAYERS_GOALKEEPER VALUES ("Manchester United", 1, 5, 0);
INSERT INTO PLAYERS_GOALKEEPER VALUES ("Manchester City", 31, 2, 0);
INSERT INTO PLAYERS_GOALKEEPER VALUES ("Liverpool", 1, 5, 1);
INSERT INTO PLAYERS_GOALKEEPER VALUES ('Arsenal', 1, 9, 1);
INSERT INTO PLAYERS_GOALKEEPER VALUES ('Aston Villa',1,0,0);
INSERT INTO PLAYERS_GOALKEEPER VALUES ('Brighton',1,3,1);
INSERT INTO PLAYERS_GOALKEEPER VALUES ('Chelsea',1,5,0);
INSERT INTO PLAYERS_GOALKEEPER VALUES ('Crystal Palace', 31, 11, 1);
INSERT INTO PLAYERS_GOALKEEPER VALUES ('Everton', 1, 7, 1);
INSERT INTO PLAYERS_GOALKEEPER VALUES ('Leeds United', 13, 0, 0);
INSERT INTO PLAYERS_GOALKEEPER VALUES ('Leicester City', 1, 7, 1);